<?xml version='1.0' encoding='UTF-8'?>
<castList><head>PERSONE:</head><castItem corresp="#herr_schnell"><role><persName>Herr SCHNELL</persName></role><roleDesc></roleDesc></castItem><castItem corresp="#jettele"><role><persName>JETTELE</persName></role><roleDesc> si Tochter.</roleDesc></castItem><castItem corresp="#franz"><role><persName>FRANZ</persName></role><roleDesc> si Neveu.</roleDesc></castItem><castItem corresp="#edi"><role><persName>EDI</persName></role><roleDesc> im Jettele si Liebhawer.</roleDesc></castItem></castList>