<?xml version='1.0' encoding='UTF-8'?>
<castList><head>PERSONE:</head><castItem corresp="#herr_schimmel"><role><persName>Herr SCHIMMEL</persName></role><roleDesc></roleDesc></castItem><castItem corresp="#emil"><role><persName>EMIL</persName></role><roleDesc> si Suhn.</roleDesc></castItem><castItem corresp="#oscar"><role><persName>OSCAR</persName></role><roleDesc> e Frind vom Emil.</roleDesc></castItem><castItem corresp="#madamme_schimmel"><role><persName>Madamme SCHIMMEL</persName></role><roleDesc></roleDesc></castItem><castItem corresp="#jumpfer_faste"><role><persName>Jumpfer FASTE</persName></role><roleDesc></roleDesc></castItem></castList>