<?xml version='1.0' encoding='UTF-8'?>
<castList><head>PERSONE:</head><castItem corresp="#herr_hecht"><role><persName>Herr HECHT</persName></role><roleDesc> G'schàftsmann</roleDesc></castItem><castItem corresp="#kuckuck"><role><persName>KÜCKÜCK</persName></role><roleDesc> Seifesieder.</roleDesc></castItem><castItem corresp="#pflasterle"><role><persName>PFLÀSTERLE</persName></role><roleDesc> Dokter.</roleDesc></castItem><castItem corresp="#madame_hecht"><role><persName>Madame HECHT</persName></role><roleDesc></roleDesc></castItem><castItem corresp="#frau_suppedunke"><role><persName>Fraü SUPPEDUNKE</persName></role><roleDesc></roleDesc></castItem><castItem corresp="#finele"><role><persName>FINELE</persName></role><roleDesc></roleDesc></castItem></castList>