<?xml version='1.0' encoding='UTF-8'?>
<castList><head>PERSONE:</head><castItem corresp="#herr_emil_helder"><role><persName>Herr EMIL HELDER</persName></role><roleDesc> Moler.</roleDesc></castItem><castItem corresp="#fix"><role><persName>FIX</persName></role><roleDesc> si Nochber.</roleDesc></castItem><castItem corresp="#finot"><role><persName>FINOT</persName></role><roleDesc> ne alter Mariner.</roleDesc></castItem><castItem corresp="#elise"><role><persName>ELISE</persName></role><roleDesc> im Herr Fix si Tochter.</roleDesc></castItem><castItem corresp="#frau_simon"><role><persName>Fraü SIMON</persName></role><roleDesc> Portnere un Stundemagd vom Herr Helder un vom Herr Fix.</roleDesc></castItem></castList>