<?xml version='1.0' encoding='UTF-8'?>
<castList><head>PERSONE:</head><castItem corresp="#tante_domino"><role><persName>Tante DOMINO</persName></role><roleDesc></roleDesc></castItem><castItem corresp="#rosele"><role><persName>ROSELE</persName></role><roleDesc> ihre Nièce.</roleDesc></castItem><castItem corresp="#herr_galfing"><role><persName>Herr GALFING</persName></role><roleDesc> dr Nochber vo dr Tante Domino</roleDesc></castItem><castItem corresp="#herr_alfred"><role><persName>Herr ALFRED</persName></role><roleDesc> Zuckerbäck.</roleDesc></castItem><castItem corresp="#herr_samuel"><role><persName>Herr SAMÜEL</persName></role><roleDesc> si Oncle.</roleDesc></castItem><castItem corresp="#tom"><role><persName>TOM</persName></role><roleDesc> e Neger.</roleDesc></castItem></castList>