<?xml version='1.0' encoding='UTF-8'?>
<castList><head>PERSONE:</head><castItem corresp="#herr_himmel"><role><persName>Herr HIMMEL</persName></role><roleDesc> Astronom.</roleDesc></castItem><castItem corresp="#joseph_kutz"><role><persName>JOSEPH KÜTZ</persName></role><roleDesc> si Bedienter.</roleDesc></castItem><castItem corresp="#herr_silwer"><role><persName>Herr SILWER</persName></role><roleDesc></roleDesc></castItem><castItem corresp="#ne_porte"><role><persName>Ne Porte</persName></role><roleDesc></roleDesc></castItem><castItem corresp="#katele"><role><persName>KÀTELE</persName></role><roleDesc> im Joseph si Fraü.</roleDesc></castItem><castItem corresp="#madame_frindlig"><role><persName>Madame FRINDLIG</persName></role><roleDesc></roleDesc></castItem><castItem corresp="#im_porte"><role><persName>Im Porte</persName></role><roleDesc></roleDesc></castItem></castList>