<?xml version='1.0' encoding='UTF-8'?>
<castList><head>PERSONE:</head><castItem corresp="#walther"><role><persName>WALTHER</persName></role><roleDesc> Pàchter</roleDesc></castItem><castItem corresp="#katele"><role><persName>KÀTELE</persName></role><roleDesc> si Tochter.</roleDesc></castItem><castItem corresp="#franz"><role><persName>FRANZ</persName></role><roleDesc> si Neveu (als Chineser).</roleDesc></castItem><castItem corresp="#schang"><role><persName>SCHANG</persName></role><roleDesc> dr Knecht.</roleDesc></castItem></castList>