<?xml version='1.0' encoding='UTF-8'?>
<castList><head>PERSONE:</head><castItem corresp="#herr_kalt"><role><persName>Herr KALT</persName></role><roleDesc> G'schàftsmann.</roleDesc></castItem><castItem corresp="#herr_guld"><role><persName>Herr GULD</persName></role><roleDesc> Rentner.</roleDesc></castItem><castItem corresp="#herr_hitzig"><role><persName>Herr HITZIG</persName></role><roleDesc> Fechtmeister.</roleDesc></castItem><castItem corresp="#felix"><role><persName>FELIX</persName></role><roleDesc> Neveu vom Herr Kalt.</roleDesc></castItem><castItem corresp="#franzele"><role><persName>FRÀNZELE</persName></role><roleDesc> Tochter vom Herr Kalt.</roleDesc></castItem></castList>