<?xml version='1.0' encoding='UTF-8'?>
<castList><head>PERSONE:</head><castItem corresp="#herr_tannezapfe"><role><persName>Herr TANNEZAPFE</persName></role><roleDesc> Rentner.</roleDesc></castItem><castItem corresp="#herr_schluch"><role><persName>Herr SCHLÜCH</persName></role><roleDesc> Kàmifeger.</roleDesc></castItem><castItem corresp="#herr_gager"><role><persName>Herr GAGER</persName></role><roleDesc>  &amp;nbsp;   "</roleDesc></castItem><castItem corresp="#herr_papegai"><role><persName>Herr PAPEGAI</persName></role><roleDesc> &amp;nbsp;  "</roleDesc></castItem><castItem corresp="#marie"><role><persName>MARIE</persName></role><roleDesc> Käche vom Herr Tannezapfe.</roleDesc></castItem></castList>