<?xml version='1.0' encoding='UTF-8'?>
<castList><head>PERSONE:</head><castItem corresp="#madame_frisch"><role><persName>Madame FRISCH</persName></role><roleDesc> e junge Wittfraü.</roleDesc></castItem><castItem corresp="#herr_flink"><role><persName>Herr FLINK</persName></role><roleDesc> ihre-n-Oncle.</roleDesc></castItem><castItem corresp="#herr_ledig"><role><persName>Herr LEDIG</persName></role><roleDesc> ihre Züekünftiger.</roleDesc></castItem><castItem corresp="#herr_krach"><role><persName>Herr KRACH</persName></role><roleDesc></roleDesc></castItem></castList>