<?xml version='1.0' encoding='UTF-8'?>
<castList><head>PERSONE:</head><castItem corresp="#herr_scharfmesser"><role><persName>Herr SCHARFMESSER</persName></role><roleDesc> Balwierer.</roleDesc></castItem><castItem corresp="#hans"><role><persName>HANS</persName></role><roleDesc> si Gsell.</roleDesc></castItem><castItem corresp="#herr_linderluescht"><role><persName>Herr LINDERLÜESCHT</persName></role><roleDesc> Fawrikant.</roleDesc></castItem><castItem corresp="#herr_bemol"><role><persName>Herr BEMOL</persName></role><roleDesc> ne armer Klavierstimmer.</roleDesc></castItem><castItem corresp="#peter"><role><persName>PETER</persName></role><roleDesc> ne Lehrbüe</roleDesc></castItem><castItem corresp="#frau_scharfmesser"><role><persName>Fraü SCHARFMESSER</persName></role><roleDesc> im Balwierer si Fraü.</roleDesc></castItem><castItem corresp="#frau_hagscheere"><role><persName>Fraü HAGSCHEERE</persName></role><roleDesc> ihre Frindin.</roleDesc></castItem><castItem corresp="#frau_sagmuhle"><role><persName>Fraü SAGMÜHLE</persName></role><roleDesc> ihre Frindin.</roleDesc></castItem></castList>