<?xml version='1.0' encoding='UTF-8'?>
<castList><head>PERSONE:</head><castItem corresp="#herr_fisselboge"><role><persName>Herr FISSELBOGE</persName></role><roleDesc> Gigeprofesser.</roleDesc></castItem><castItem corresp="#heiterwiss"><role><persName>HEITERWISS</persName></role><roleDesc> Kunstmoler.</roleDesc></castItem><castItem corresp="#gitzkrage"><role><persName>GITZKRAGE</persName></role><roleDesc> dr Hüsmeister.</roleDesc></castItem><castItem corresp="#knopfloch"><role><persName>KNOPFLOCH</persName></role><roleDesc> schnider vom Herr</roleDesc></castItem><castItem corresp="#gretele"><role><persName>GRETELE</persName></role><roleDesc> Modiste.Fisselboge.</roleDesc></castItem></castList>