<?xml version='1.0' encoding='UTF-8'?>
<castList><head>PERSONE:</head><castItem corresp="#herr_rothfuchs"><role><persName>Herr ROTHFUCHS</persName></role><roleDesc> Tüechhàndler</roleDesc></castItem><castItem corresp="#herr_fritz"><role><persName>Herr FRITZ</persName></role><roleDesc> si G'schàftsfiehrer.</roleDesc></castItem><castItem corresp="#herr_adolph"><role><persName>Herr ADOLPH</persName></role><roleDesc> Reisender.</roleDesc></castItem><castItem corresp="#e_commis"><role><persName>E Commis</persName></role><roleDesc></roleDesc></castItem><castItem corresp="#julie"><role><persName>JULIE</persName></role><roleDesc> im Fritz si Fraü.</roleDesc></castItem><castItem corresp="#emma"><role><persName>EMMA</persName></role><roleDesc> ne Frindin vom Julie.</roleDesc></castItem></castList>