<?xml version='1.0' encoding='UTF-8'?>
<castList><head>PERSONE:</head><castItem corresp="#herr_alexis_liftling"><role><persName>Herr ALEXIS LIFTLING</persName></role><roleDesc></roleDesc></castItem><castItem corresp="#herr_gigele"><role><persName>Herr GIGELE</persName></role><roleDesc> si Oncle.</roleDesc></castItem><castItem corresp="#jumpfer_fingerhuet"><role><persName>Jumpfer FINGERHÜET</persName></role><roleDesc></roleDesc></castItem><castItem corresp="#herr_ungeduld"><role><persName>Herr UNGEDULD</persName></role><roleDesc> ihr Hochziter.</roleDesc></castItem><castItem corresp="#herr_fingerhuet"><role><persName>Herr FINGERHÜET</persName></role><roleDesc> ihr Oncle.</roleDesc></castItem><castItem corresp="#frau_strumpf"><role><persName>Fraü STRUMPF</persName></role><roleDesc></roleDesc></castItem></castList>