<?xml version='1.0' encoding='UTF-8'?>
<castList><head>PERSONE:</head><castItem corresp="#herr_fisselboge"><role><persName>Herr FISSELBOGE</persName></role><roleDesc> Müsikant.</roleDesc></castItem><castItem corresp="#scharfmesser"><role><persName>SCHARFMESSER</persName></role><roleDesc> Balwierer.</roleDesc></castItem><castItem corresp="#gager"><role><persName>GAGER</persName></role><roleDesc> Kàmifeger.</roleDesc></castItem><castItem corresp="#knopfloch"><role><persName>KNOPFLOCH</persName></role><roleDesc> Lumpesammler.</roleDesc></castItem><castItem corresp="#jean"><role><persName>JEAN</persName></role><roleDesc> Pfanneflicker.</roleDesc></castItem><castItem corresp="#franz"><role><persName>FRANZ</persName></role><roleDesc> Petrol-Hàndler.</roleDesc></castItem><castItem corresp="#peter"><role><persName>PETER</persName></role><roleDesc> Gassewischer.</roleDesc></castItem><castItem corresp="#ne_orgelmann"><role><persName>Ne Orgelmann</persName></role><roleDesc></roleDesc></castItem><castItem corresp="#frau_hagscheere"><role><persName>Fraü HAGSCHEERE</persName></role><roleDesc></roleDesc></castItem><castItem corresp="#sagmuhle"><role><persName>SÀGMÜHLE</persName></role><roleDesc></roleDesc></castItem></castList>