<?xml version='1.0' encoding='UTF-8'?>
<castList><head>PERSONE:</head><castItem corresp="#hans"><role><persName>HANS</persName></role><roleDesc></roleDesc></castItem><castItem corresp="#marti"><role><persName>MARTI</persName></role><roleDesc></roleDesc></castItem><castItem corresp="#seppi"><role><persName>SEPPI</persName></role><roleDesc> si Suhn.</roleDesc></castItem><castItem corresp="#bawele"><role><persName>BAWELE</persName></role><roleDesc> im Hans si Tochter.</roleDesc></castItem><castItem corresp="#dr_regisseur"><role><persName>Dr Regisseur</persName></role><roleDesc></roleDesc></castItem></castList>