<?xml version='1.0' encoding='UTF-8'?>
<castList><head>PERSONE:</head><castItem corresp="#herr_dampf"><role><persName>Herr DAMPF</persName></role><roleDesc></roleDesc></castItem><castItem corresp="#herr_turk"><role><persName>Herr TÜRK</persName></role><roleDesc></roleDesc></castItem><castItem corresp="#herr_zitelpost"><role><persName>Herr ZITELPOST</persName></role><roleDesc></roleDesc></castItem><castItem corresp="#madame_dampf"><role><persName>Madame DAMPF</persName></role><roleDesc></roleDesc></castItem><castItem corresp="#madame_turk"><role><persName>Madame TÜRK</persName></role><roleDesc></roleDesc></castItem><castItem corresp="#dr_portner_vom_hotel"><role><persName>Dr Portner vom Hotel</persName></role><roleDesc></roleDesc></castItem><castItem corresp="#dr_portner_vom_hus"><role><persName>Dr Portner vom Hüs</persName></role><roleDesc></roleDesc></castItem><castItem corresp="#ne_junger_mensch"><role><persName>Ne junger Mensch</persName></role><roleDesc></roleDesc></castItem><castItem corresp="#ne_kutschner"><role><persName>Ne Kütschner</persName></role><roleDesc></roleDesc></castItem></castList>