<?xml version='1.0' encoding='UTF-8'?>
<castList><head>PERSONE:</head><castItem corresp="#herr_schnitz"><role><persName>Herr SCHNITZ</persName></role><roleDesc> Spezereihàndler.</roleDesc></castItem><castItem corresp="#lisettle"><role><persName>LISETTLE</persName></role><roleDesc> si Tochter.</roleDesc></castItem><castItem corresp="#herr_mues"><role><persName>Herr MÜES</persName></role><roleDesc> dr erste Commis.</roleDesc></castItem><castItem corresp="#schambedis"><role><persName>SCHAMBEDIS</persName></role><roleDesc> dr Knecht.</roleDesc></castItem><castItem corresp="#herr_spatzle"><role><persName>Herr SPATZLE</persName></role><roleDesc> dr Liebhawer vom Lisettle.</roleDesc></castItem></castList>