<?xml version='1.0' encoding='UTF-8'?>
<castList><head>PERSONE:</head><castItem corresp="#herr_sieselsaft"><role><persName>Herr SIESELSAFT</persName></role><roleDesc> Dokter.</roleDesc></castItem><castItem corresp="#herr_zart"><role><persName>Herr ZART</persName></role><roleDesc></roleDesc></castItem><castItem corresp="#herr_fink"><role><persName>Herr FINK</persName></role><roleDesc></roleDesc></castItem><castItem corresp="#herr_pfaffekapple"><role><persName>Herr PFAFFEKÀPPLE</persName></role><roleDesc></roleDesc></castItem><castItem corresp="#herr_bif"><role><persName>Herr BIF</persName></role><roleDesc></roleDesc></castItem><castItem corresp="#herr_duwack"><role><persName>Herr DÜWACK</persName></role><roleDesc></roleDesc></castItem><castItem corresp="#jumpfer_sieselsaft"><role><persName>Jumpfer SIESELSAFT</persName></role><roleDesc></roleDesc></castItem></castList>